part,mode,image,width,height,people_count,density_path,resized_image_path,patch_count
part_A,train_data,IMG_1.jpg,1365,1024,0.0,D:\CrowdMonitor\deepVision_crowd_monitor\processed_data\part_A\train_data\density\IMG_1.npy,D:\CrowdMonitor\deepVision_crowd_monitor\processed_data\part_A\train_data\images_resized\IMG_1.jpg,0
part_A,train_data,IMG_10.jpg,1535,1024,0.0,D:\CrowdMonitor\deepVision_crowd_monitor\processed_data\part_A\train_data\density\IMG_10.npy,D:\CrowdMonitor\deepVision_crowd_monitor\processed_data\part_A\train_data\images_resized\IMG_10.jpg,0
part_A,train_data,IMG_100.jpg,1603,1024,0.0,D:\CrowdMonitor\deepVision_crowd_monitor\processed_data\part_A\train_data\density\IMG_100.npy,D:\CrowdMonitor\deepVision_crowd_monitor\processed_data\part_A\train_data\images_resized\IMG_100.jpg,0
part_A,train_data,IMG_101.jpg,1365,1024,0.0,D:\CrowdMonitor\deepVision_crowd_monitor\processed_data\part_A\train_data\density\IMG_101.npy,D:\CrowdMonitor\deepVision_crowd_monitor\processed_data\part_A\train_data\images_resized\IMG_101.jpg,0
part_A,train_data,IMG_102.jpg,1365,1024,0.0,D:\CrowdMonitor\deepVision_crowd_monitor\processed_data\part_A\train_data\density\IMG_102.npy,D:\CrowdMonitor\deepVision_crowd_monitor\processed_data\part_A\train_data\images_resized\IMG_102.jpg,0
part_A,train_data,IMG_103.jpg,1024,1024,0.0,D:\CrowdMonitor\deepVision_crowd_monitor\processed_data\part_A\train_data\density\IMG_103.npy,D:\CrowdMonitor\deepVision_crowd_monitor\processed_data\part_A\train_data\images_resized\IMG_103.jpg,0
part_A,train_data,IMG_104.jpg,1365,1024,0.0,D:\CrowdMonitor\deepVision_crowd_monitor\processed_data\part_A\train_data\density\IMG_104.npy,D:\CrowdMonitor\deepVision_crowd_monitor\processed_data\part_A\train_data\images_resized\IMG_104.jpg,0
part_A,train_data,IMG_105.jpg,1604,1024,0.0,D:\CrowdMonitor\deepVision_crowd_monitor\processed_data\part_A\train_data\density\IMG_105.npy,D:\CrowdMonitor\deepVision_crowd_monitor\processed_data\part_A\train_data\images_resized\IMG_105.jpg,0
part_A,train_data,IMG_106.jpg,1553,1024,0.0,D:\CrowdMonitor\deepVision_crowd_monitor\processed_data\part_A\train_data\density\IMG_106.npy,D:\CrowdMonitor\deepVision_crowd_monitor\processed_data\part_A\train_data\images_resized\IMG_106.jpg,0
part_A,train_data,IMG_107.jpg,1584,1024,0.0,D:\CrowdMonitor\deepVision_crowd_monitor\processed_data\part_A\train_data\density\IMG_107.npy,D:\CrowdMonitor\deepVision_crowd_monitor\processed_data\part_A\train_data\images_resized\IMG_107.jpg,0
part_A,train_data,IMG_108.jpg,1367,1024,0.0,D:\CrowdMonitor\deepVision_crowd_monitor\processed_data\part_A\train_data\density\IMG_108.npy,D:\CrowdMonitor\deepVision_crowd_monitor\processed_data\part_A\train_data\images_resized\IMG_108.jpg,0
part_A,train_data,IMG_109.jpg,1539,1024,0.0,D:\CrowdMonitor\deepVision_crowd_monitor\processed_data\part_A\train_data\density\IMG_109.npy,D:\CrowdMonitor\deepVision_crowd_monitor\processed_data\part_A\train_data\images_resized\IMG_109.jpg,0
part_A,train_data,IMG_11.jpg,1528,1024,0.0,D:\CrowdMonitor\deepVision_crowd_monitor\processed_data\part_A\train_data\density\IMG_11.npy,D:\CrowdMonitor\deepVision_crowd_monitor\processed_data\part_A\train_data\images_resized\IMG_11.jpg,0
part_A,train_data,IMG_110.jpg,2105,1024,0.0,D:\CrowdMonitor\deepVision_crowd_monitor\processed_data\part_A\train_data\density\IMG_110.npy,D:\CrowdMonitor\deepVision_crowd_monitor\processed_data\part_A\train_data\images_resized\IMG_110.jpg,0
part_A,train_data,IMG_111.jpg,1365,1024,0.0,D:\CrowdMonitor\deepVision_crowd_monitor\processed_data\part_A\train_data\density\IMG_111.npy,D:\CrowdMonitor\deepVision_crowd_monitor\processed_data\part_A\train_data\images_resized\IMG_111.jpg,0
part_A,train_data,IMG_112.jpg,3206,1024,0.0,D:\CrowdMonitor\deepVision_crowd_monitor\processed_data\part_A\train_data\density\IMG_112.npy,D:\CrowdMonitor\deepVision_crowd_monitor\processed_data\part_A\train_data\images_resized\IMG_112.jpg,0
part_A,train_data,IMG_113.jpg,1575,1024,0.0,D:\CrowdMonitor\deepVision_crowd_monitor\processed_data\part_A\train_data\density\IMG_113.npy,D:\CrowdMonitor\deepVision_crowd_monitor\processed_data\part_A\train_data\images_resized\IMG_113.jpg,0
part_A,train_data,IMG_114.jpg,1365,1024,0.0,D:\CrowdMonitor\deepVision_crowd_monitor\processed_data\part_A\train_data\density\IMG_114.npy,D:\CrowdMonitor\deepVision_crowd_monitor\processed_data\part_A\train_data\images_resized\IMG_114.jpg,0
part_A,train_data,IMG_115.jpg,1711,1024,0.0,D:\CrowdMonitor\deepVision_crowd_monitor\processed_data\part_A\train_data\density\IMG_115.npy,D:\CrowdMonitor\deepVision_crowd_monitor\processed_data\part_A\train_data\images_resized\IMG_115.jpg,0
part_A,train_data,IMG_116.jpg,1024,1024,0.0,D:\CrowdMonitor\deepVision_crowd_monitor\processed_data\part_A\train_data\density\IMG_116.npy,D:\CrowdMonitor\deepVision_crowd_monitor\processed_data\part_A\train_data\images_resized\IMG_116.jpg,0
part_A,train_data,IMG_117.jpg,1485,1024,0.0,D:\CrowdMonitor\deepVision_crowd_monitor\processed_data\part_A\train_data\density\IMG_117.npy,D:\CrowdMonitor\deepVision_crowd_monitor\processed_data\part_A\train_data\images_resized\IMG_117.jpg,0
part_A,train_data,IMG_118.jpg,1610,1024,0.0,D:\CrowdMonitor\deepVision_crowd_monitor\processed_data\part_A\train_data\density\IMG_118.npy,D:\CrowdMonitor\deepVision_crowd_monitor\processed_data\part_A\train_data\images_resized\IMG_118.jpg,0
part_A,train_data,IMG_119.jpg,1765,1024,0.0,D:\CrowdMonitor\deepVision_crowd_monitor\processed_data\part_A\train_data\density\IMG_119.npy,D:\CrowdMonitor\deepVision_crowd_monitor\processed_data\part_A\train_data\images_resized\IMG_119.jpg,0
part_A,train_data,IMG_12.jpg,1542,1024,0.0,D:\CrowdMonitor\deepVision_crowd_monitor\processed_data\part_A\train_data\density\IMG_12.npy,D:\CrowdMonitor\deepVision_crowd_monitor\processed_data\part_A\train_data\images_resized\IMG_12.jpg,0
part_A,train_data,IMG_120.jpg,1365,1024,0.0,D:\CrowdMonitor\deepVision_crowd_monitor\processed_data\part_A\train_data\density\IMG_120.npy,D:\CrowdMonitor\deepVision_crowd_monitor\processed_data\part_A\train_data\images_resized\IMG_120.jpg,0
part_A,train_data,IMG_121.jpg,1540,1024,0.0,D:\CrowdMonitor\deepVision_crowd_monitor\processed_data\part_A\train_data\density\IMG_121.npy,D:\CrowdMonitor\deepVision_crowd_monitor\processed_data\part_A\train_data\images_resized\IMG_121.jpg,0
part_A,train_data,IMG_122.jpg,1332,1024,0.0,D:\CrowdMonitor\deepVision_crowd_monitor\processed_data\part_A\train_data\density\IMG_122.npy,D:\CrowdMonitor\deepVision_crowd_monitor\processed_data\part_A\train_data\images_resized\IMG_122.jpg,0
part_A,train_data,IMG_123.jpg,1354,1024,0.0,D:\CrowdMonitor\deepVision_crowd_monitor\processed_data\part_A\train_data\density\IMG_123.npy,D:\CrowdMonitor\deepVision_crowd_monitor\processed_data\part_A\train_data\images_resized\IMG_123.jpg,0
part_A,train_data,IMG_124.jpg,1365,1024,0.0,D:\CrowdMonitor\deepVision_crowd_monitor\processed_data\part_A\train_data\density\IMG_124.npy,D:\CrowdMonitor\deepVision_crowd_monitor\processed_data\part_A\train_data\images_resized\IMG_124.jpg,0
part_A,train_data,IMG_125.jpg,1538,1024,0.0,D:\CrowdMonitor\deepVision_crowd_monitor\processed_data\part_A\train_data\density\IMG_125.npy,D:\CrowdMonitor\deepVision_crowd_monitor\processed_data\part_A\train_data\images_resized\IMG_125.jpg,0
part_A,train_data,IMG_126.jpg,1820,1024,0.0,D:\CrowdMonitor\deepVision_crowd_monitor\processed_data\part_A\train_data\density\IMG_126.npy,D:\CrowdMonitor\deepVision_crowd_monitor\processed_data\part_A\train_data\images_resized\IMG_126.jpg,0
part_A,train_data,IMG_127.jpg,1365,1024,0.0,D:\CrowdMonitor\deepVision_crowd_monitor\processed_data\part_A\train_data\density\IMG_127.npy,D:\CrowdMonitor\deepVision_crowd_monitor\processed_data\part_A\train_data\images_resized\IMG_127.jpg,0
part_A,train_data,IMG_128.jpg,1535,1024,0.0,D:\CrowdMonitor\deepVision_crowd_monitor\processed_data\part_A\train_data\density\IMG_128.npy,D:\CrowdMonitor\deepVision_crowd_monitor\processed_data\part_A\train_data\images_resized\IMG_128.jpg,0
part_A,train_data,IMG_129.jpg,1483,1024,0.0,D:\CrowdMonitor\deepVision_crowd_monitor\processed_data\part_A\train_data\density\IMG_129.npy,D:\CrowdMonitor\deepVision_crowd_monitor\processed_data\part_A\train_data\images_resized\IMG_129.jpg,0
part_A,train_data,IMG_13.jpg,1403,1024,0.0,D:\CrowdMonitor\deepVision_crowd_monitor\processed_data\part_A\train_data\density\IMG_13.npy,D:\CrowdMonitor\deepVision_crowd_monitor\processed_data\part_A\train_data\images_resized\IMG_13.jpg,0
part_A,train_data,IMG_130.jpg,1542,1024,0.0,D:\CrowdMonitor\deepVision_crowd_monitor\processed_data\part_A\train_data\density\IMG_130.npy,D:\CrowdMonitor\deepVision_crowd_monitor\processed_data\part_A\train_data\images_resized\IMG_130.jpg,0
part_A,train_data,IMG_131.jpg,1024,1307,0.0,D:\CrowdMonitor\deepVision_crowd_monitor\processed_data\part_A\train_data\density\IMG_131.npy,D:\CrowdMonitor\deepVision_crowd_monitor\processed_data\part_A\train_data\images_resized\IMG_131.jpg,0
part_A,train_data,IMG_132.jpg,1024,1365,0.0,D:\CrowdMonitor\deepVision_crowd_monitor\processed_data\part_A\train_data\density\IMG_132.npy,D:\CrowdMonitor\deepVision_crowd_monitor\processed_data\part_A\train_data\images_resized\IMG_132.jpg,0
part_A,train_data,IMG_133.jpg,1535,1024,0.0,D:\CrowdMonitor\deepVision_crowd_monitor\processed_data\part_A\train_data\density\IMG_133.npy,D:\CrowdMonitor\deepVision_crowd_monitor\processed_data\part_A\train_data\images_resized\IMG_133.jpg,0
part_A,train_data,IMG_134.jpg,1024,1024,0.0,D:\CrowdMonitor\deepVision_crowd_monitor\processed_data\part_A\train_data\density\IMG_134.npy,D:\CrowdMonitor\deepVision_crowd_monitor\processed_data\part_A\train_data\images_resized\IMG_134.jpg,0
part_A,train_data,IMG_135.jpg,2363,1024,0.0,D:\CrowdMonitor\deepVision_crowd_monitor\processed_data\part_A\train_data\density\IMG_135.npy,D:\CrowdMonitor\deepVision_crowd_monitor\processed_data\part_A\train_data\images_resized\IMG_135.jpg,0
part_A,train_data,IMG_136.jpg,1363,1024,0.0,D:\CrowdMonitor\deepVision_crowd_monitor\processed_data\part_A\train_data\density\IMG_136.npy,D:\CrowdMonitor\deepVision_crowd_monitor\processed_data\part_A\train_data\images_resized\IMG_136.jpg,0
part_A,train_data,IMG_137.jpg,1792,1024,0.0,D:\CrowdMonitor\deepVision_crowd_monitor\processed_data\part_A\train_data\density\IMG_137.npy,D:\CrowdMonitor\deepVision_crowd_monitor\processed_data\part_A\train_data\images_resized\IMG_137.jpg,0
part_A,train_data,IMG_138.jpg,1608,1024,0.0,D:\CrowdMonitor\deepVision_crowd_monitor\processed_data\part_A\train_data\density\IMG_138.npy,D:\CrowdMonitor\deepVision_crowd_monitor\processed_data\part_A\train_data\images_resized\IMG_138.jpg,0
part_A,train_data,IMG_139.jpg,1508,1024,0.0,D:\CrowdMonitor\deepVision_crowd_monitor\processed_data\part_A\train_data\density\IMG_139.npy,D:\CrowdMonitor\deepVision_crowd_monitor\processed_data\part_A\train_data\images_resized\IMG_139.jpg,0
part_A,train_data,IMG_14.jpg,1625,1024,0.0,D:\CrowdMonitor\deepVision_crowd_monitor\processed_data\part_A\train_data\density\IMG_14.npy,D:\CrowdMonitor\deepVision_crowd_monitor\processed_data\part_A\train_data\images_resized\IMG_14.jpg,0
part_A,train_data,IMG_140.jpg,1365,1024,0.0,D:\CrowdMonitor\deepVision_crowd_monitor\processed_data\part_A\train_data\density\IMG_140.npy,D:\CrowdMonitor\deepVision_crowd_monitor\processed_data\part_A\train_data\images_resized\IMG_140.jpg,0
part_A,train_data,IMG_141.jpg,1534,1024,0.0,D:\CrowdMonitor\deepVision_crowd_monitor\processed_data\part_A\train_data\density\IMG_141.npy,D:\CrowdMonitor\deepVision_crowd_monitor\processed_data\part_A\train_data\images_resized\IMG_141.jpg,0
part_A,train_data,IMG_142.jpg,1507,1024,0.0,D:\CrowdMonitor\deepVision_crowd_monitor\processed_data\part_A\train_data\density\IMG_142.npy,D:\CrowdMonitor\deepVision_crowd_monitor\processed_data\part_A\train_data\images_resized\IMG_142.jpg,0
part_A,train_data,IMG_143.jpg,1733,1024,0.0,D:\CrowdMonitor\deepVision_crowd_monitor\processed_data\part_A\train_data\density\IMG_143.npy,D:\CrowdMonitor\deepVision_crowd_monitor\processed_data\part_A\train_data\images_resized\IMG_143.jpg,0
part_A,train_data,IMG_144.jpg,1365,1024,0.0,D:\CrowdMonitor\deepVision_crowd_monitor\processed_data\part_A\train_data\density\IMG_144.npy,D:\CrowdMonitor\deepVision_crowd_monitor\processed_data\part_A\train_data\images_resized\IMG_144.jpg,0
part_A,train_data,IMG_145.jpg,1869,1024,0.0,D:\CrowdMonitor\deepVision_crowd_monitor\processed_data\part_A\train_data\density\IMG_145.npy,D:\CrowdMonitor\deepVision_crowd_monitor\processed_data\part_A\train_data\images_resized\IMG_145.jpg,0
part_A,train_data,IMG_146.jpg,1542,1024,0.0,D:\CrowdMonitor\deepVision_crowd_monitor\processed_data\part_A\train_data\density\IMG_146.npy,D:\CrowdMonitor\deepVision_crowd_monitor\processed_data\part_A\train_data\images_resized\IMG_146.jpg,0
part_A,train_data,IMG_147.jpg,1365,1024,0.0,D:\CrowdMonitor\deepVision_crowd_monitor\processed_data\part_A\train_data\density\IMG_147.npy,D:\CrowdMonitor\deepVision_crowd_monitor\processed_data\part_A\train_data\images_resized\IMG_147.jpg,0
part_A,train_data,IMG_148.jpg,1542,1024,0.0,D:\CrowdMonitor\deepVision_crowd_monitor\processed_data\part_A\train_data\density\IMG_148.npy,D:\CrowdMonitor\deepVision_crowd_monitor\processed_data\part_A\train_data\images_resized\IMG_148.jpg,0
part_A,train_data,IMG_149.jpg,1535,1024,0.0,D:\CrowdMonitor\deepVision_crowd_monitor\processed_data\part_A\train_data\density\IMG_149.npy,D:\CrowdMonitor\deepVision_crowd_monitor\processed_data\part_A\train_data\images_resized\IMG_149.jpg,0
part_A,train_data,IMG_15.jpg,1365,1024,0.0,D:\CrowdMonitor\deepVision_crowd_monitor\processed_data\part_A\train_data\density\IMG_15.npy,D:\CrowdMonitor\deepVision_crowd_monitor\processed_data\part_A\train_data\images_resized\IMG_15.jpg,0
part_A,train_data,IMG_150.jpg,2207,1024,0.0,D:\CrowdMonitor\deepVision_crowd_monitor\processed_data\part_A\train_data\density\IMG_150.npy,D:\CrowdMonitor\deepVision_crowd_monitor\processed_data\part_A\train_data\images_resized\IMG_150.jpg,0
part_A,train_data,IMG_151.jpg,1632,1024,0.0,D:\CrowdMonitor\deepVision_crowd_monitor\processed_data\part_A\train_data\density\IMG_151.npy,D:\CrowdMonitor\deepVision_crowd_monitor\processed_data\part_A\train_data\images_resized\IMG_151.jpg,0
part_A,train_data,IMG_152.jpg,1365,1024,0.0,D:\CrowdMonitor\deepVision_crowd_monitor\processed_data\part_A\train_data\density\IMG_152.npy,D:\CrowdMonitor\deepVision_crowd_monitor\processed_data\part_A\train_data\images_resized\IMG_152.jpg,0
part_A,train_data,IMG_153.jpg,1536,1024,0.0,D:\CrowdMonitor\deepVision_crowd_monitor\processed_data\part_A\train_data\density\IMG_153.npy,D:\CrowdMonitor\deepVision_crowd_monitor\processed_data\part_A\train_data\images_resized\IMG_153.jpg,0
part_A,train_data,IMG_154.jpg,1536,1024,0.0,D:\CrowdMonitor\deepVision_crowd_monitor\processed_data\part_A\train_data\density\IMG_154.npy,D:\CrowdMonitor\deepVision_crowd_monitor\processed_data\part_A\train_data\images_resized\IMG_154.jpg,0
part_A,train_data,IMG_155.jpg,1552,1024,0.0,D:\CrowdMonitor\deepVision_crowd_monitor\processed_data\part_A\train_data\density\IMG_155.npy,D:\CrowdMonitor\deepVision_crowd_monitor\processed_data\part_A\train_data\images_resized\IMG_155.jpg,0
part_A,train_data,IMG_156.jpg,1677,1024,0.0,D:\CrowdMonitor\deepVision_crowd_monitor\processed_data\part_A\train_data\density\IMG_156.npy,D:\CrowdMonitor\deepVision_crowd_monitor\processed_data\part_A\train_data\images_resized\IMG_156.jpg,0
part_A,train_data,IMG_157.jpg,1024,1541,0.0,D:\CrowdMonitor\deepVision_crowd_monitor\processed_data\part_A\train_data\density\IMG_157.npy,D:\CrowdMonitor\deepVision_crowd_monitor\processed_data\part_A\train_data\images_resized\IMG_157.jpg,0
part_A,train_data,IMG_158.jpg,1562,1024,0.0,D:\CrowdMonitor\deepVision_crowd_monitor\processed_data\part_A\train_data\density\IMG_158.npy,D:\CrowdMonitor\deepVision_crowd_monitor\processed_data\part_A\train_data\images_resized\IMG_158.jpg,0
part_A,train_data,IMG_159.jpg,1534,1024,0.0,D:\CrowdMonitor\deepVision_crowd_monitor\processed_data\part_A\train_data\density\IMG_159.npy,D:\CrowdMonitor\deepVision_crowd_monitor\processed_data\part_A\train_data\images_resized\IMG_159.jpg,0
part_A,train_data,IMG_16.jpg,1024,1024,0.0,D:\CrowdMonitor\deepVision_crowd_monitor\processed_data\part_A\train_data\density\IMG_16.npy,D:\CrowdMonitor\deepVision_crowd_monitor\processed_data\part_A\train_data\images_resized\IMG_16.jpg,0
part_A,train_data,IMG_160.jpg,1941,1024,0.0,D:\CrowdMonitor\deepVision_crowd_monitor\processed_data\part_A\train_data\density\IMG_160.npy,D:\CrowdMonitor\deepVision_crowd_monitor\processed_data\part_A\train_data\images_resized\IMG_160.jpg,0
part_A,train_data,IMG_161.jpg,1365,1024,0.0,D:\CrowdMonitor\deepVision_crowd_monitor\processed_data\part_A\train_data\density\IMG_161.npy,D:\CrowdMonitor\deepVision_crowd_monitor\processed_data\part_A\train_data\images_resized\IMG_161.jpg,0
part_A,train_data,IMG_162.jpg,1536,1024,0.0,D:\CrowdMonitor\deepVision_crowd_monitor\processed_data\part_A\train_data\density\IMG_162.npy,D:\CrowdMonitor\deepVision_crowd_monitor\processed_data\part_A\train_data\images_resized\IMG_162.jpg,0
part_A,train_data,IMG_163.jpg,1615,1024,0.0,D:\CrowdMonitor\deepVision_crowd_monitor\processed_data\part_A\train_data\density\IMG_163.npy,D:\CrowdMonitor\deepVision_crowd_monitor\processed_data\part_A\train_data\images_resized\IMG_163.jpg,0
part_A,train_data,IMG_164.jpg,1440,1024,0.0,D:\CrowdMonitor\deepVision_crowd_monitor\processed_data\part_A\train_data\density\IMG_164.npy,D:\CrowdMonitor\deepVision_crowd_monitor\processed_data\part_A\train_data\images_resized\IMG_164.jpg,0
part_A,train_data,IMG_165.jpg,3509,1024,0.0,D:\CrowdMonitor\deepVision_crowd_monitor\processed_data\part_A\train_data\density\IMG_165.npy,D:\CrowdMonitor\deepVision_crowd_monitor\processed_data\part_A\train_data\images_resized\IMG_165.jpg,0
part_A,train_data,IMG_166.jpg,1535,1024,0.0,D:\CrowdMonitor\deepVision_crowd_monitor\processed_data\part_A\train_data\density\IMG_166.npy,D:\CrowdMonitor\deepVision_crowd_monitor\processed_data\part_A\train_data\images_resized\IMG_166.jpg,0
part_A,train_data,IMG_167.jpg,1263,1024,0.0,D:\CrowdMonitor\deepVision_crowd_monitor\processed_data\part_A\train_data\density\IMG_167.npy,D:\CrowdMonitor\deepVision_crowd_monitor\processed_data\part_A\train_data\images_resized\IMG_167.jpg,0
part_A,train_data,IMG_168.jpg,1110,1024,0.0,D:\CrowdMonitor\deepVision_crowd_monitor\processed_data\part_A\train_data\density\IMG_168.npy,D:\CrowdMonitor\deepVision_crowd_monitor\processed_data\part_A\train_data\images_resized\IMG_168.jpg,0
part_A,train_data,IMG_169.jpg,1262,1024,0.0,D:\CrowdMonitor\deepVision_crowd_monitor\processed_data\part_A\train_data\density\IMG_169.npy,D:\CrowdMonitor\deepVision_crowd_monitor\processed_data\part_A\train_data\images_resized\IMG_169.jpg,0
part_A,train_data,IMG_17.jpg,1285,1024,0.0,D:\CrowdMonitor\deepVision_crowd_monitor\processed_data\part_A\train_data\density\IMG_17.npy,D:\CrowdMonitor\deepVision_crowd_monitor\processed_data\part_A\train_data\images_resized\IMG_17.jpg,0
part_A,train_data,IMG_170.jpg,1540,1024,0.0,D:\CrowdMonitor\deepVision_crowd_monitor\processed_data\part_A\train_data\density\IMG_170.npy,D:\CrowdMonitor\deepVision_crowd_monitor\processed_data\part_A\train_data\images_resized\IMG_170.jpg,0
part_A,train_data,IMG_171.jpg,1750,1024,0.0,D:\CrowdMonitor\deepVision_crowd_monitor\processed_data\part_A\train_data\density\IMG_171.npy,D:\CrowdMonitor\deepVision_crowd_monitor\processed_data\part_A\train_data\images_resized\IMG_171.jpg,0
part_A,train_data,IMG_172.jpg,1530,1024,0.0,D:\CrowdMonitor\deepVision_crowd_monitor\processed_data\part_A\train_data\density\IMG_172.npy,D:\CrowdMonitor\deepVision_crowd_monitor\processed_data\part_A\train_data\images_resized\IMG_172.jpg,0
part_A,train_data,IMG_173.jpg,2048,1024,0.0,D:\CrowdMonitor\deepVision_crowd_monitor\processed_data\part_A\train_data\density\IMG_173.npy,D:\CrowdMonitor\deepVision_crowd_monitor\processed_data\part_A\train_data\images_resized\IMG_173.jpg,0
part_A,train_data,IMG_174.jpg,2048,1024,0.0,D:\CrowdMonitor\deepVision_crowd_monitor\processed_data\part_A\train_data\density\IMG_174.npy,D:\CrowdMonitor\deepVision_crowd_monitor\processed_data\part_A\train_data\images_resized\IMG_174.jpg,0
part_A,train_data,IMG_175.jpg,1820,1024,0.0,D:\CrowdMonitor\deepVision_crowd_monitor\processed_data\part_A\train_data\density\IMG_175.npy,D:\CrowdMonitor\deepVision_crowd_monitor\processed_data\part_A\train_data\images_resized\IMG_175.jpg,0
part_A,train_data,IMG_176.jpg,1600,1024,0.0,D:\CrowdMonitor\deepVision_crowd_monitor\processed_data\part_A\train_data\density\IMG_176.npy,D:\CrowdMonitor\deepVision_crowd_monitor\processed_data\part_A\train_data\images_resized\IMG_176.jpg,0
part_A,train_data,IMG_177.jpg,1365,1024,0.0,D:\CrowdMonitor\deepVision_crowd_monitor\processed_data\part_A\train_data\density\IMG_177.npy,D:\CrowdMonitor\deepVision_crowd_monitor\processed_data\part_A\train_data\images_resized\IMG_177.jpg,0
part_A,train_data,IMG_178.jpg,1524,1024,0.0,D:\CrowdMonitor\deepVision_crowd_monitor\processed_data\part_A\train_data\density\IMG_178.npy,D:\CrowdMonitor\deepVision_crowd_monitor\processed_data\part_A\train_data\images_resized\IMG_178.jpg,0
part_A,train_data,IMG_179.jpg,1702,1024,0.0,D:\CrowdMonitor\deepVision_crowd_monitor\processed_data\part_A\train_data\density\IMG_179.npy,D:\CrowdMonitor\deepVision_crowd_monitor\processed_data\part_A\train_data\images_resized\IMG_179.jpg,0
part_A,train_data,IMG_18.jpg,1322,1024,0.0,D:\CrowdMonitor\deepVision_crowd_monitor\processed_data\part_A\train_data\density\IMG_18.npy,D:\CrowdMonitor\deepVision_crowd_monitor\processed_data\part_A\train_data\images_resized\IMG_18.jpg,0
part_A,train_data,IMG_180.jpg,1350,1024,0.0,D:\CrowdMonitor\deepVision_crowd_monitor\processed_data\part_A\train_data\density\IMG_180.npy,D:\CrowdMonitor\deepVision_crowd_monitor\processed_data\part_A\train_data\images_resized\IMG_180.jpg,0
part_A,train_data,IMG_181.jpg,1640,1024,0.0,D:\CrowdMonitor\deepVision_crowd_monitor\processed_data\part_A\train_data\density\IMG_181.npy,D:\CrowdMonitor\deepVision_crowd_monitor\processed_data\part_A\train_data\images_resized\IMG_181.jpg,0
part_A,train_data,IMG_182.jpg,1542,1024,0.0,D:\CrowdMonitor\deepVision_crowd_monitor\processed_data\part_A\train_data\density\IMG_182.npy,D:\CrowdMonitor\deepVision_crowd_monitor\processed_data\part_A\train_data\images_resized\IMG_182.jpg,0
part_A,train_data,IMG_183.jpg,1526,1024,0.0,D:\CrowdMonitor\deepVision_crowd_monitor\processed_data\part_A\train_data\density\IMG_183.npy,D:\CrowdMonitor\deepVision_crowd_monitor\processed_data\part_A\train_data\images_resized\IMG_183.jpg,0
part_A,train_data,IMG_184.jpg,1699,1024,0.0,D:\CrowdMonitor\deepVision_crowd_monitor\processed_data\part_A\train_data\density\IMG_184.npy,D:\CrowdMonitor\deepVision_crowd_monitor\processed_data\part_A\train_data\images_resized\IMG_184.jpg,0
part_A,train_data,IMG_185.jpg,1024,1405,0.0,D:\CrowdMonitor\deepVision_crowd_monitor\processed_data\part_A\train_data\density\IMG_185.npy,D:\CrowdMonitor\deepVision_crowd_monitor\processed_data\part_A\train_data\images_resized\IMG_185.jpg,0
part_A,train_data,IMG_186.jpg,1024,1453,0.0,D:\CrowdMonitor\deepVision_crowd_monitor\processed_data\part_A\train_data\density\IMG_186.npy,D:\CrowdMonitor\deepVision_crowd_monitor\processed_data\part_A\train_data\images_resized\IMG_186.jpg,0
part_A,train_data,IMG_187.jpg,2709,1024,0.0,D:\CrowdMonitor\deepVision_crowd_monitor\processed_data\part_A\train_data\density\IMG_187.npy,D:\CrowdMonitor\deepVision_crowd_monitor\processed_data\part_A\train_data\images_resized\IMG_187.jpg,0
part_A,train_data,IMG_188.jpg,1615,1024,0.0,D:\CrowdMonitor\deepVision_crowd_monitor\processed_data\part_A\train_data\density\IMG_188.npy,D:\CrowdMonitor\deepVision_crowd_monitor\processed_data\part_A\train_data\images_resized\IMG_188.jpg,0
part_A,train_data,IMG_189.jpg,2530,1024,0.0,D:\CrowdMonitor\deepVision_crowd_monitor\processed_data\part_A\train_data\density\IMG_189.npy,D:\CrowdMonitor\deepVision_crowd_monitor\processed_data\part_A\train_data\images_resized\IMG_189.jpg,0
part_A,train_data,IMG_19.jpg,1536,1024,0.0,D:\CrowdMonitor\deepVision_crowd_monitor\processed_data\part_A\train_data\density\IMG_19.npy,D:\CrowdMonitor\deepVision_crowd_monitor\processed_data\part_A\train_data\images_resized\IMG_19.jpg,0
part_A,train_data,IMG_190.jpg,1323,1024,0.0,D:\CrowdMonitor\deepVision_crowd_monitor\processed_data\part_A\train_data\density\IMG_190.npy,D:\CrowdMonitor\deepVision_crowd_monitor\processed_data\part_A\train_data\images_resized\IMG_190.jpg,0
part_A,train_data,IMG_191.jpg,1537,1024,0.0,D:\CrowdMonitor\deepVision_crowd_monitor\processed_data\part_A\train_data\density\IMG_191.npy,D:\CrowdMonitor\deepVision_crowd_monitor\processed_data\part_A\train_data\images_resized\IMG_191.jpg,0
part_A,train_data,IMG_192.jpg,1024,1365,0.0,D:\CrowdMonitor\deepVision_crowd_monitor\processed_data\part_A\train_data\density\IMG_192.npy,D:\CrowdMonitor\deepVision_crowd_monitor\processed_data\part_A\train_data\images_resized\IMG_192.jpg,0
part_A,train_data,IMG_193.jpg,1024,1063,0.0,D:\CrowdMonitor\deepVision_crowd_monitor\processed_data\part_A\train_data\density\IMG_193.npy,D:\CrowdMonitor\deepVision_crowd_monitor\processed_data\part_A\train_data\images_resized\IMG_193.jpg,0
part_A,train_data,IMG_194.jpg,1024,1192,0.0,D:\CrowdMonitor\deepVision_crowd_monitor\processed_data\part_A\train_data\density\IMG_194.npy,D:\CrowdMonitor\deepVision_crowd_monitor\processed_data\part_A\train_data\images_resized\IMG_194.jpg,0
part_A,train_data,IMG_195.jpg,1576,1024,0.0,D:\CrowdMonitor\deepVision_crowd_monitor\processed_data\part_A\train_data\density\IMG_195.npy,D:\CrowdMonitor\deepVision_crowd_monitor\processed_data\part_A\train_data\images_resized\IMG_195.jpg,0
part_A,train_data,IMG_196.jpg,1533,1024,0.0,D:\CrowdMonitor\deepVision_crowd_monitor\processed_data\part_A\train_data\density\IMG_196.npy,D:\CrowdMonitor\deepVision_crowd_monitor\processed_data\part_A\train_data\images_resized\IMG_196.jpg,0
part_A,train_data,IMG_197.jpg,1365,1024,0.0,D:\CrowdMonitor\deepVision_crowd_monitor\processed_data\part_A\train_data\density\IMG_197.npy,D:\CrowdMonitor\deepVision_crowd_monitor\processed_data\part_A\train_data\images_resized\IMG_197.jpg,0
part_A,train_data,IMG_198.jpg,1603,1024,0.0,D:\CrowdMonitor\deepVision_crowd_monitor\processed_data\part_A\train_data\density\IMG_198.npy,D:\CrowdMonitor\deepVision_crowd_monitor\processed_data\part_A\train_data\images_resized\IMG_198.jpg,0
part_A,train_data,IMG_199.jpg,2076,1024,0.0,D:\CrowdMonitor\deepVision_crowd_monitor\processed_data\part_A\train_data\density\IMG_199.npy,D:\CrowdMonitor\deepVision_crowd_monitor\processed_data\part_A\train_data\images_resized\IMG_199.jpg,0
part_A,train_data,IMG_2.jpg,1470,1024,0.0,D:\CrowdMonitor\deepVision_crowd_monitor\processed_data\part_A\train_data\density\IMG_2.npy,D:\CrowdMonitor\deepVision_crowd_monitor\processed_data\part_A\train_data\images_resized\IMG_2.jpg,0
part_A,train_data,IMG_20.jpg,1524,1024,0.0,D:\CrowdMonitor\deepVision_crowd_monitor\processed_data\part_A\train_data\density\IMG_20.npy,D:\CrowdMonitor\deepVision_crowd_monitor\processed_data\part_A\train_data\images_resized\IMG_20.jpg,0
part_A,train_data,IMG_200.jpg,1556,1024,0.0,D:\CrowdMonitor\deepVision_crowd_monitor\processed_data\part_A\train_data\density\IMG_200.npy,D:\CrowdMonitor\deepVision_crowd_monitor\processed_data\part_A\train_data\images_resized\IMG_200.jpg,0
part_A,train_data,IMG_201.jpg,1545,1024,0.0,D:\CrowdMonitor\deepVision_crowd_monitor\processed_data\part_A\train_data\density\IMG_201.npy,D:\CrowdMonitor\deepVision_crowd_monitor\processed_data\part_A\train_data\images_resized\IMG_201.jpg,0
part_A,train_data,IMG_202.jpg,1545,1024,0.0,D:\CrowdMonitor\deepVision_crowd_monitor\processed_data\part_A\train_data\density\IMG_202.npy,D:\CrowdMonitor\deepVision_crowd_monitor\processed_data\part_A\train_data\images_resized\IMG_202.jpg,0
part_A,train_data,IMG_203.jpg,1535,1024,0.0,D:\CrowdMonitor\deepVision_crowd_monitor\processed_data\part_A\train_data\density\IMG_203.npy,D:\CrowdMonitor\deepVision_crowd_monitor\processed_data\part_A\train_data\images_resized\IMG_203.jpg,0
part_A,train_data,IMG_204.jpg,1508,1024,0.0,D:\CrowdMonitor\deepVision_crowd_monitor\processed_data\part_A\train_data\density\IMG_204.npy,D:\CrowdMonitor\deepVision_crowd_monitor\processed_data\part_A\train_data\images_resized\IMG_204.jpg,0
part_A,train_data,IMG_205.jpg,1305,1024,0.0,D:\CrowdMonitor\deepVision_crowd_monitor\processed_data\part_A\train_data\density\IMG_205.npy,D:\CrowdMonitor\deepVision_crowd_monitor\processed_data\part_A\train_data\images_resized\IMG_205.jpg,0
part_A,train_data,IMG_206.jpg,1535,1024,0.0,D:\CrowdMonitor\deepVision_crowd_monitor\processed_data\part_A\train_data\density\IMG_206.npy,D:\CrowdMonitor\deepVision_crowd_monitor\processed_data\part_A\train_data\images_resized\IMG_206.jpg,0
part_A,train_data,IMG_207.jpg,1505,1024,0.0,D:\CrowdMonitor\deepVision_crowd_monitor\processed_data\part_A\train_data\density\IMG_207.npy,D:\CrowdMonitor\deepVision_crowd_monitor\processed_data\part_A\train_data\images_resized\IMG_207.jpg,0
part_A,train_data,IMG_208.jpg,1535,1024,0.0,D:\CrowdMonitor\deepVision_crowd_monitor\processed_data\part_A\train_data\density\IMG_208.npy,D:\CrowdMonitor\deepVision_crowd_monitor\processed_data\part_A\train_data\images_resized\IMG_208.jpg,0
part_A,train_data,IMG_209.jpg,1654,1024,0.0,D:\CrowdMonitor\deepVision_crowd_monitor\processed_data\part_A\train_data\density\IMG_209.npy,D:\CrowdMonitor\deepVision_crowd_monitor\processed_data\part_A\train_data\images_resized\IMG_209.jpg,0
part_A,train_data,IMG_21.jpg,1368,1024,0.0,D:\CrowdMonitor\deepVision_crowd_monitor\processed_data\part_A\train_data\density\IMG_21.npy,D:\CrowdMonitor\deepVision_crowd_monitor\processed_data\part_A\train_data\images_resized\IMG_21.jpg,0
part_A,train_data,IMG_210.jpg,1365,1024,0.0,D:\CrowdMonitor\deepVision_crowd_monitor\processed_data\part_A\train_data\density\IMG_210.npy,D:\CrowdMonitor\deepVision_crowd_monitor\processed_data\part_A\train_data\images_resized\IMG_210.jpg,0
part_A,train_data,IMG_211.jpg,3139,1024,0.0,D:\CrowdMonitor\deepVision_crowd_monitor\processed_data\part_A\train_data\density\IMG_211.npy,D:\CrowdMonitor\deepVision_crowd_monitor\processed_data\part_A\train_data\images_resized\IMG_211.jpg,0
part_A,train_data,IMG_212.jpg,1524,1024,0.0,D:\CrowdMonitor\deepVision_crowd_monitor\processed_data\part_A\train_data\density\IMG_212.npy,D:\CrowdMonitor\deepVision_crowd_monitor\processed_data\part_A\train_data\images_resized\IMG_212.jpg,0
part_A,train_data,IMG_213.jpg,1367,1024,0.0,D:\CrowdMonitor\deepVision_crowd_monitor\processed_data\part_A\train_data\density\IMG_213.npy,D:\CrowdMonitor\deepVision_crowd_monitor\processed_data\part_A\train_data\images_resized\IMG_213.jpg,0
part_A,train_data,IMG_214.jpg,1024,1117,0.0,D:\CrowdMonitor\deepVision_crowd_monitor\processed_data\part_A\train_data\density\IMG_214.npy,D:\CrowdMonitor\deepVision_crowd_monitor\processed_data\part_A\train_data\images_resized\IMG_214.jpg,0
part_A,train_data,IMG_215.jpg,1532,1024,0.0,D:\CrowdMonitor\deepVision_crowd_monitor\processed_data\part_A\train_data\density\IMG_215.npy,D:\CrowdMonitor\deepVision_crowd_monitor\processed_data\part_A\train_data\images_resized\IMG_215.jpg,0
part_A,train_data,IMG_216.jpg,1544,1024,0.0,D:\CrowdMonitor\deepVision_crowd_monitor\processed_data\part_A\train_data\density\IMG_216.npy,D:\CrowdMonitor\deepVision_crowd_monitor\processed_data\part_A\train_data\images_resized\IMG_216.jpg,0
part_A,train_data,IMG_217.jpg,1398,1024,0.0,D:\CrowdMonitor\deepVision_crowd_monitor\processed_data\part_A\train_data\density\IMG_217.npy,D:\CrowdMonitor\deepVision_crowd_monitor\processed_data\part_A\train_data\images_resized\IMG_217.jpg,0
part_A,train_data,IMG_218.jpg,1103,1024,0.0,D:\CrowdMonitor\deepVision_crowd_monitor\processed_data\part_A\train_data\density\IMG_218.npy,D:\CrowdMonitor\deepVision_crowd_monitor\processed_data\part_A\train_data\images_resized\IMG_218.jpg,0
part_A,train_data,IMG_219.jpg,1568,1024,0.0,D:\CrowdMonitor\deepVision_crowd_monitor\processed_data\part_A\train_data\density\IMG_219.npy,D:\CrowdMonitor\deepVision_crowd_monitor\processed_data\part_A\train_data\images_resized\IMG_219.jpg,0
part_A,train_data,IMG_22.jpg,1562,1024,0.0,D:\CrowdMonitor\deepVision_crowd_monitor\processed_data\part_A\train_data\density\IMG_22.npy,D:\CrowdMonitor\deepVision_crowd_monitor\processed_data\part_A\train_data\images_resized\IMG_22.jpg,0
part_A,train_data,IMG_220.jpg,2781,1024,0.0,D:\CrowdMonitor\deepVision_crowd_monitor\processed_data\part_A\train_data\density\IMG_220.npy,D:\CrowdMonitor\deepVision_crowd_monitor\processed_data\part_A\train_data\images_resized\IMG_220.jpg,0
part_A,train_data,IMG_221.jpg,1544,1024,0.0,D:\CrowdMonitor\deepVision_crowd_monitor\processed_data\part_A\train_data\density\IMG_221.npy,D:\CrowdMonitor\deepVision_crowd_monitor\processed_data\part_A\train_data\images_resized\IMG_221.jpg,0
part_A,train_data,IMG_222.jpg,2008,1024,0.0,D:\CrowdMonitor\deepVision_crowd_monitor\processed_data\part_A\train_data\density\IMG_222.npy,D:\CrowdMonitor\deepVision_crowd_monitor\processed_data\part_A\train_data\images_resized\IMG_222.jpg,0
part_A,train_data,IMG_223.jpg,1265,1024,0.0,D:\CrowdMonitor\deepVision_crowd_monitor\processed_data\part_A\train_data\density\IMG_223.npy,D:\CrowdMonitor\deepVision_crowd_monitor\processed_data\part_A\train_data\images_resized\IMG_223.jpg,0
part_A,train_data,IMG_224.jpg,1693,1024,0.0,D:\CrowdMonitor\deepVision_crowd_monitor\processed_data\part_A\train_data\density\IMG_224.npy,D:\CrowdMonitor\deepVision_crowd_monitor\processed_data\part_A\train_data\images_resized\IMG_224.jpg,0
part_A,train_data,IMG_225.jpg,1909,1024,0.0,D:\CrowdMonitor\deepVision_crowd_monitor\processed_data\part_A\train_data\density\IMG_225.npy,D:\CrowdMonitor\deepVision_crowd_monitor\processed_data\part_A\train_data\images_resized\IMG_225.jpg,0
part_A,train_data,IMG_226.jpg,1535,1024,0.0,D:\CrowdMonitor\deepVision_crowd_monitor\processed_data\part_A\train_data\density\IMG_226.npy,D:\CrowdMonitor\deepVision_crowd_monitor\processed_data\part_A\train_data\images_resized\IMG_226.jpg,0
part_A,train_data,IMG_227.jpg,1539,1024,0.0,D:\CrowdMonitor\deepVision_crowd_monitor\processed_data\part_A\train_data\density\IMG_227.npy,D:\CrowdMonitor\deepVision_crowd_monitor\processed_data\part_A\train_data\images_resized\IMG_227.jpg,0
part_A,train_data,IMG_228.jpg,1692,1024,0.0,D:\CrowdMonitor\deepVision_crowd_monitor\processed_data\part_A\train_data\density\IMG_228.npy,D:\CrowdMonitor\deepVision_crowd_monitor\processed_data\part_A\train_data\images_resized\IMG_228.jpg,0
part_A,train_data,IMG_229.jpg,1476,1024,0.0,D:\CrowdMonitor\deepVision_crowd_monitor\processed_data\part_A\train_data\density\IMG_229.npy,D:\CrowdMonitor\deepVision_crowd_monitor\processed_data\part_A\train_data\images_resized\IMG_229.jpg,0
part_A,train_data,IMG_23.jpg,1024,1365,0.0,D:\CrowdMonitor\deepVision_crowd_monitor\processed_data\part_A\train_data\density\IMG_23.npy,D:\CrowdMonitor\deepVision_crowd_monitor\processed_data\part_A\train_data\images_resized\IMG_23.jpg,0
part_A,train_data,IMG_230.jpg,1538,1024,0.0,D:\CrowdMonitor\deepVision_crowd_monitor\processed_data\part_A\train_data\density\IMG_230.npy,D:\CrowdMonitor\deepVision_crowd_monitor\processed_data\part_A\train_data\images_resized\IMG_230.jpg,0
part_A,train_data,IMG_231.jpg,1537,1024,0.0,D:\CrowdMonitor\deepVision_crowd_monitor\processed_data\part_A\train_data\density\IMG_231.npy,D:\CrowdMonitor\deepVision_crowd_monitor\processed_data\part_A\train_data\images_resized\IMG_231.jpg,0
part_A,train_data,IMG_232.jpg,1468,1024,0.0,D:\CrowdMonitor\deepVision_crowd_monitor\processed_data\part_A\train_data\density\IMG_232.npy,D:\CrowdMonitor\deepVision_crowd_monitor\processed_data\part_A\train_data\images_resized\IMG_232.jpg,0
part_A,train_data,IMG_233.jpg,1365,1024,0.0,D:\CrowdMonitor\deepVision_crowd_monitor\processed_data\part_A\train_data\density\IMG_233.npy,D:\CrowdMonitor\deepVision_crowd_monitor\processed_data\part_A\train_data\images_resized\IMG_233.jpg,0
part_A,train_data,IMG_234.jpg,1365,1024,0.0,D:\CrowdMonitor\deepVision_crowd_monitor\processed_data\part_A\train_data\density\IMG_234.npy,D:\CrowdMonitor\deepVision_crowd_monitor\processed_data\part_A\train_data\images_resized\IMG_234.jpg,0
part_A,train_data,IMG_235.jpg,1535,1024,0.0,D:\CrowdMonitor\deepVision_crowd_monitor\processed_data\part_A\train_data\density\IMG_235.npy,D:\CrowdMonitor\deepVision_crowd_monitor\processed_data\part_A\train_data\images_resized\IMG_235.jpg,0
part_A,train_data,IMG_236.jpg,1365,1024,0.0,D:\CrowdMonitor\deepVision_crowd_monitor\processed_data\part_A\train_data\density\IMG_236.npy,D:\CrowdMonitor\deepVision_crowd_monitor\processed_data\part_A\train_data\images_resized\IMG_236.jpg,0
part_A,train_data,IMG_237.jpg,1659,1024,0.0,D:\CrowdMonitor\deepVision_crowd_monitor\processed_data\part_A\train_data\density\IMG_237.npy,D:\CrowdMonitor\deepVision_crowd_monitor\processed_data\part_A\train_data\images_resized\IMG_237.jpg,0
part_A,train_data,IMG_238.jpg,1548,1024,0.0,D:\CrowdMonitor\deepVision_crowd_monitor\processed_data\part_A\train_data\density\IMG_238.npy,D:\CrowdMonitor\deepVision_crowd_monitor\processed_data\part_A\train_data\images_resized\IMG_238.jpg,0
part_A,train_data,IMG_239.jpg,1888,1024,0.0,D:\CrowdMonitor\deepVision_crowd_monitor\processed_data\part_A\train_data\density\IMG_239.npy,D:\CrowdMonitor\deepVision_crowd_monitor\processed_data\part_A\train_data\images_resized\IMG_239.jpg,0
part_A,train_data,IMG_24.jpg,1363,1024,0.0,D:\CrowdMonitor\deepVision_crowd_monitor\processed_data\part_A\train_data\density\IMG_24.npy,D:\CrowdMonitor\deepVision_crowd_monitor\processed_data\part_A\train_data\images_resized\IMG_24.jpg,0
part_A,train_data,IMG_240.jpg,2596,1024,0.0,D:\CrowdMonitor\deepVision_crowd_monitor\processed_data\part_A\train_data\density\IMG_240.npy,D:\CrowdMonitor\deepVision_crowd_monitor\processed_data\part_A\train_data\images_resized\IMG_240.jpg,0
part_A,train_data,IMG_241.jpg,1440,1024,0.0,D:\CrowdMonitor\deepVision_crowd_monitor\processed_data\part_A\train_data\density\IMG_241.npy,D:\CrowdMonitor\deepVision_crowd_monitor\processed_data\part_A\train_data\images_resized\IMG_241.jpg,0
part_A,train_data,IMG_242.jpg,1535,1024,0.0,D:\CrowdMonitor\deepVision_crowd_monitor\processed_data\part_A\train_data\density\IMG_242.npy,D:\CrowdMonitor\deepVision_crowd_monitor\processed_data\part_A\train_data\images_resized\IMG_242.jpg,0
part_A,train_data,IMG_243.jpg,1539,1024,0.0,D:\CrowdMonitor\deepVision_crowd_monitor\processed_data\part_A\train_data\density\IMG_243.npy,D:\CrowdMonitor\deepVision_crowd_monitor\processed_data\part_A\train_data\images_resized\IMG_243.jpg,0
part_A,train_data,IMG_244.jpg,1820,1024,0.0,D:\CrowdMonitor\deepVision_crowd_monitor\processed_data\part_A\train_data\density\IMG_244.npy,D:\CrowdMonitor\deepVision_crowd_monitor\processed_data\part_A\train_data\images_resized\IMG_244.jpg,0
part_A,train_data,IMG_245.jpg,1271,1024,0.0,D:\CrowdMonitor\deepVision_crowd_monitor\processed_data\part_A\train_data\density\IMG_245.npy,D:\CrowdMonitor\deepVision_crowd_monitor\processed_data\part_A\train_data\images_resized\IMG_245.jpg,0
part_A,train_data,IMG_246.jpg,1534,1024,0.0,D:\CrowdMonitor\deepVision_crowd_monitor\processed_data\part_A\train_data\density\IMG_246.npy,D:\CrowdMonitor\deepVision_crowd_monitor\processed_data\part_A\train_data\images_resized\IMG_246.jpg,0
part_A,train_data,IMG_247.jpg,1539,1024,0.0,D:\CrowdMonitor\deepVision_crowd_monitor\processed_data\part_A\train_data\density\IMG_247.npy,D:\CrowdMonitor\deepVision_crowd_monitor\processed_data\part_A\train_data\images_resized\IMG_247.jpg,0
part_A,train_data,IMG_248.jpg,1539,1024,0.0,D:\CrowdMonitor\deepVision_crowd_monitor\processed_data\part_A\train_data\density\IMG_248.npy,D:\CrowdMonitor\deepVision_crowd_monitor\processed_data\part_A\train_data\images_resized\IMG_248.jpg,0
part_A,train_data,IMG_249.jpg,1816,1024,0.0,D:\CrowdMonitor\deepVision_crowd_monitor\processed_data\part_A\train_data\density\IMG_249.npy,D:\CrowdMonitor\deepVision_crowd_monitor\processed_data\part_A\train_data\images_resized\IMG_249.jpg,0
part_A,train_data,IMG_25.jpg,1365,1024,0.0,D:\CrowdMonitor\deepVision_crowd_monitor\processed_data\part_A\train_data\density\IMG_25.npy,D:\CrowdMonitor\deepVision_crowd_monitor\processed_data\part_A\train_data\images_resized\IMG_25.jpg,0
part_A,train_data,IMG_250.jpg,1539,1024,0.0,D:\CrowdMonitor\deepVision_crowd_monitor\processed_data\part_A\train_data\density\IMG_250.npy,D:\CrowdMonitor\deepVision_crowd_monitor\processed_data\part_A\train_data\images_resized\IMG_250.jpg,0
part_A,train_data,IMG_251.jpg,1586,1024,0.0,D:\CrowdMonitor\deepVision_crowd_monitor\processed_data\part_A\train_data\density\IMG_251.npy,D:\CrowdMonitor\deepVision_crowd_monitor\processed_data\part_A\train_data\images_resized\IMG_251.jpg,0
part_A,train_data,IMG_252.jpg,1536,1024,0.0,D:\CrowdMonitor\deepVision_crowd_monitor\processed_data\part_A\train_data\density\IMG_252.npy,D:\CrowdMonitor\deepVision_crowd_monitor\processed_data\part_A\train_data\images_resized\IMG_252.jpg,0
part_A,train_data,IMG_253.jpg,1528,1024,0.0,D:\CrowdMonitor\deepVision_crowd_monitor\processed_data\part_A\train_data\density\IMG_253.npy,D:\CrowdMonitor\deepVision_crowd_monitor\processed_data\part_A\train_data\images_resized\IMG_253.jpg,0
part_A,train_data,IMG_254.jpg,1535,1024,0.0,D:\CrowdMonitor\deepVision_crowd_monitor\processed_data\part_A\train_data\density\IMG_254.npy,D:\CrowdMonitor\deepVision_crowd_monitor\processed_data\part_A\train_data\images_resized\IMG_254.jpg,0
part_A,train_data,IMG_255.jpg,1094,1024,0.0,D:\CrowdMonitor\deepVision_crowd_monitor\processed_data\part_A\train_data\density\IMG_255.npy,D:\CrowdMonitor\deepVision_crowd_monitor\processed_data\part_A\train_data\images_resized\IMG_255.jpg,0
part_A,train_data,IMG_256.jpg,1820,1024,0.0,D:\CrowdMonitor\deepVision_crowd_monitor\processed_data\part_A\train_data\density\IMG_256.npy,D:\CrowdMonitor\deepVision_crowd_monitor\processed_data\part_A\train_data\images_resized\IMG_256.jpg,0
part_A,train_data,IMG_257.jpg,1365,1024,0.0,D:\CrowdMonitor\deepVision_crowd_monitor\processed_data\part_A\train_data\density\IMG_257.npy,D:\CrowdMonitor\deepVision_crowd_monitor\processed_data\part_A\train_data\images_resized\IMG_257.jpg,0
part_A,train_data,IMG_258.jpg,1365,1024,0.0,D:\CrowdMonitor\deepVision_crowd_monitor\processed_data\part_A\train_data\density\IMG_258.npy,D:\CrowdMonitor\deepVision_crowd_monitor\processed_data\part_A\train_data\images_resized\IMG_258.jpg,0
part_A,train_data,IMG_259.jpg,1532,1024,0.0,D:\CrowdMonitor\deepVision_crowd_monitor\processed_data\part_A\train_data\density\IMG_259.npy,D:\CrowdMonitor\deepVision_crowd_monitor\processed_data\part_A\train_data\images_resized\IMG_259.jpg,0
part_A,train_data,IMG_26.jpg,1464,1024,0.0,D:\CrowdMonitor\deepVision_crowd_monitor\processed_data\part_A\train_data\density\IMG_26.npy,D:\CrowdMonitor\deepVision_crowd_monitor\processed_data\part_A\train_data\images_resized\IMG_26.jpg,0
part_A,train_data,IMG_260.jpg,1539,1024,0.0,D:\CrowdMonitor\deepVision_crowd_monitor\processed_data\part_A\train_data\density\IMG_260.npy,D:\CrowdMonitor\deepVision_crowd_monitor\processed_data\part_A\train_data\images_resized\IMG_260.jpg,0
part_A,train_data,IMG_261.jpg,1363,1024,0.0,D:\CrowdMonitor\deepVision_crowd_monitor\processed_data\part_A\train_data\density\IMG_261.npy,D:\CrowdMonitor\deepVision_crowd_monitor\processed_data\part_A\train_data\images_resized\IMG_261.jpg,0
part_A,train_data,IMG_262.jpg,1820,1024,0.0,D:\CrowdMonitor\deepVision_crowd_monitor\processed_data\part_A\train_data\density\IMG_262.npy,D:\CrowdMonitor\deepVision_crowd_monitor\processed_data\part_A\train_data\images_resized\IMG_262.jpg,0
part_A,train_data,IMG_263.jpg,1537,1024,0.0,D:\CrowdMonitor\deepVision_crowd_monitor\processed_data\part_A\train_data\density\IMG_263.npy,D:\CrowdMonitor\deepVision_crowd_monitor\processed_data\part_A\train_data\images_resized\IMG_263.jpg,0
part_A,train_data,IMG_264.jpg,1820,1024,0.0,D:\CrowdMonitor\deepVision_crowd_monitor\processed_data\part_A\train_data\density\IMG_264.npy,D:\CrowdMonitor\deepVision_crowd_monitor\processed_data\part_A\train_data\images_resized\IMG_264.jpg,0
part_A,train_data,IMG_265.jpg,1024,1284,0.0,D:\CrowdMonitor\deepVision_crowd_monitor\processed_data\part_A\train_data\density\IMG_265.npy,D:\CrowdMonitor\deepVision_crowd_monitor\processed_data\part_A\train_data\images_resized\IMG_265.jpg,0
part_A,train_data,IMG_266.jpg,1649,1024,0.0,D:\CrowdMonitor\deepVision_crowd_monitor\processed_data\part_A\train_data\density\IMG_266.npy,D:\CrowdMonitor\deepVision_crowd_monitor\processed_data\part_A\train_data\images_resized\IMG_266.jpg,0
part_A,train_data,IMG_267.jpg,2012,1024,0.0,D:\CrowdMonitor\deepVision_crowd_monitor\processed_data\part_A\train_data\density\IMG_267.npy,D:\CrowdMonitor\deepVision_crowd_monitor\processed_data\part_A\train_data\images_resized\IMG_267.jpg,0
part_A,train_data,IMG_268.jpg,1536,1024,0.0,D:\CrowdMonitor\deepVision_crowd_monitor\processed_data\part_A\train_data\density\IMG_268.npy,D:\CrowdMonitor\deepVision_crowd_monitor\processed_data\part_A\train_data\images_resized\IMG_268.jpg,0
part_A,train_data,IMG_269.jpg,1536,1024,0.0,D:\CrowdMonitor\deepVision_crowd_monitor\processed_data\part_A\train_data\density\IMG_269.npy,D:\CrowdMonitor\deepVision_crowd_monitor\processed_data\part_A\train_data\images_resized\IMG_269.jpg,0
part_A,train_data,IMG_27.jpg,1691,1024,0.0,D:\CrowdMonitor\deepVision_crowd_monitor\processed_data\part_A\train_data\density\IMG_27.npy,D:\CrowdMonitor\deepVision_crowd_monitor\processed_data\part_A\train_data\images_resized\IMG_27.jpg,0
part_A,train_data,IMG_270.jpg,1419,1024,0.0,D:\CrowdMonitor\deepVision_crowd_monitor\processed_data\part_A\train_data\density\IMG_270.npy,D:\CrowdMonitor\deepVision_crowd_monitor\processed_data\part_A\train_data\images_resized\IMG_270.jpg,0
part_A,train_data,IMG_271.jpg,1720,1024,0.0,D:\CrowdMonitor\deepVision_crowd_monitor\processed_data\part_A\train_data\density\IMG_271.npy,D:\CrowdMonitor\deepVision_crowd_monitor\processed_data\part_A\train_data\images_resized\IMG_271.jpg,0
part_A,train_data,IMG_272.jpg,1024,1363,0.0,D:\CrowdMonitor\deepVision_crowd_monitor\processed_data\part_A\train_data\density\IMG_272.npy,D:\CrowdMonitor\deepVision_crowd_monitor\processed_data\part_A\train_data\images_resized\IMG_272.jpg,0
part_A,train_data,IMG_273.jpg,1753,1024,0.0,D:\CrowdMonitor\deepVision_crowd_monitor\processed_data\part_A\train_data\density\IMG_273.npy,D:\CrowdMonitor\deepVision_crowd_monitor\processed_data\part_A\train_data\images_resized\IMG_273.jpg,0
part_A,train_data,IMG_274.jpg,1539,1024,0.0,D:\CrowdMonitor\deepVision_crowd_monitor\processed_data\part_A\train_data\density\IMG_274.npy,D:\CrowdMonitor\deepVision_crowd_monitor\processed_data\part_A\train_data\images_resized\IMG_274.jpg,0
part_A,train_data,IMG_275.jpg,1365,1024,0.0,D:\CrowdMonitor\deepVision_crowd_monitor\processed_data\part_A\train_data\density\IMG_275.npy,D:\CrowdMonitor\deepVision_crowd_monitor\processed_data\part_A\train_data\images_resized\IMG_275.jpg,0
part_A,train_data,IMG_276.jpg,1365,1024,0.0,D:\CrowdMonitor\deepVision_crowd_monitor\processed_data\part_A\train_data\density\IMG_276.npy,D:\CrowdMonitor\deepVision_crowd_monitor\processed_data\part_A\train_data\images_resized\IMG_276.jpg,0
part_A,train_data,IMG_277.jpg,1515,1024,0.0,D:\CrowdMonitor\deepVision_crowd_monitor\processed_data\part_A\train_data\density\IMG_277.npy,D:\CrowdMonitor\deepVision_crowd_monitor\processed_data\part_A\train_data\images_resized\IMG_277.jpg,0
part_A,train_data,IMG_278.jpg,1024,1024,0.0,D:\CrowdMonitor\deepVision_crowd_monitor\processed_data\part_A\train_data\density\IMG_278.npy,D:\CrowdMonitor\deepVision_crowd_monitor\processed_data\part_A\train_data\images_resized\IMG_278.jpg,0
part_A,train_data,IMG_279.jpg,1699,1024,0.0,D:\CrowdMonitor\deepVision_crowd_monitor\processed_data\part_A\train_data\density\IMG_279.npy,D:\CrowdMonitor\deepVision_crowd_monitor\processed_data\part_A\train_data\images_resized\IMG_279.jpg,0
part_A,train_data,IMG_28.jpg,1365,1024,0.0,D:\CrowdMonitor\deepVision_crowd_monitor\processed_data\part_A\train_data\density\IMG_28.npy,D:\CrowdMonitor\deepVision_crowd_monitor\processed_data\part_A\train_data\images_resized\IMG_28.jpg,0
part_A,train_data,IMG_280.jpg,1365,1024,0.0,D:\CrowdMonitor\deepVision_crowd_monitor\processed_data\part_A\train_data\density\IMG_280.npy,D:\CrowdMonitor\deepVision_crowd_monitor\processed_data\part_A\train_data\images_resized\IMG_280.jpg,0
part_A,train_data,IMG_281.jpg,1542,1024,0.0,D:\CrowdMonitor\deepVision_crowd_monitor\processed_data\part_A\train_data\density\IMG_281.npy,D:\CrowdMonitor\deepVision_crowd_monitor\processed_data\part_A\train_data\images_resized\IMG_281.jpg,0
part_A,train_data,IMG_282.jpg,1365,1024,0.0,D:\CrowdMonitor\deepVision_crowd_monitor\processed_data\part_A\train_data\density\IMG_282.npy,D:\CrowdMonitor\deepVision_crowd_monitor\processed_data\part_A\train_data\images_resized\IMG_282.jpg,0
part_A,train_data,IMG_283.jpg,1586,1024,0.0,D:\CrowdMonitor\deepVision_crowd_monitor\processed_data\part_A\train_data\density\IMG_283.npy,D:\CrowdMonitor\deepVision_crowd_monitor\processed_data\part_A\train_data\images_resized\IMG_283.jpg,0
part_A,train_data,IMG_284.jpg,1365,1024,0.0,D:\CrowdMonitor\deepVision_crowd_monitor\processed_data\part_A\train_data\density\IMG_284.npy,D:\CrowdMonitor\deepVision_crowd_monitor\processed_data\part_A\train_data\images_resized\IMG_284.jpg,0
part_A,train_data,IMG_285.jpg,1510,1024,0.0,D:\CrowdMonitor\deepVision_crowd_monitor\processed_data\part_A\train_data\density\IMG_285.npy,D:\CrowdMonitor\deepVision_crowd_monitor\processed_data\part_A\train_data\images_resized\IMG_285.jpg,0
part_A,train_data,IMG_286.jpg,1380,1024,0.0,D:\CrowdMonitor\deepVision_crowd_monitor\processed_data\part_A\train_data\density\IMG_286.npy,D:\CrowdMonitor\deepVision_crowd_monitor\processed_data\part_A\train_data\images_resized\IMG_286.jpg,0
part_A,train_data,IMG_287.jpg,1464,1024,0.0,D:\CrowdMonitor\deepVision_crowd_monitor\processed_data\part_A\train_data\density\IMG_287.npy,D:\CrowdMonitor\deepVision_crowd_monitor\processed_data\part_A\train_data\images_resized\IMG_287.jpg,0
part_A,train_data,IMG_288.jpg,1365,1024,0.0,D:\CrowdMonitor\deepVision_crowd_monitor\processed_data\part_A\train_data\density\IMG_288.npy,D:\CrowdMonitor\deepVision_crowd_monitor\processed_data\part_A\train_data\images_resized\IMG_288.jpg,0
part_A,train_data,IMG_289.jpg,1537,1024,0.0,D:\CrowdMonitor\deepVision_crowd_monitor\processed_data\part_A\train_data\density\IMG_289.npy,D:\CrowdMonitor\deepVision_crowd_monitor\processed_data\part_A\train_data\images_resized\IMG_289.jpg,0
part_A,train_data,IMG_29.jpg,1752,1024,0.0,D:\CrowdMonitor\deepVision_crowd_monitor\processed_data\part_A\train_data\density\IMG_29.npy,D:\CrowdMonitor\deepVision_crowd_monitor\processed_data\part_A\train_data\images_resized\IMG_29.jpg,0
part_A,train_data,IMG_290.jpg,1365,1024,0.0,D:\CrowdMonitor\deepVision_crowd_monitor\processed_data\part_A\train_data\density\IMG_290.npy,D:\CrowdMonitor\deepVision_crowd_monitor\processed_data\part_A\train_data\images_resized\IMG_290.jpg,0
part_A,train_data,IMG_291.jpg,1365,1024,0.0,D:\CrowdMonitor\deepVision_crowd_monitor\processed_data\part_A\train_data\density\IMG_291.npy,D:\CrowdMonitor\deepVision_crowd_monitor\processed_data\part_A\train_data\images_resized\IMG_291.jpg,0
part_A,train_data,IMG_292.jpg,1576,1024,0.0,D:\CrowdMonitor\deepVision_crowd_monitor\processed_data\part_A\train_data\density\IMG_292.npy,D:\CrowdMonitor\deepVision_crowd_monitor\processed_data\part_A\train_data\images_resized\IMG_292.jpg,0
part_A,train_data,IMG_293.jpg,1528,1024,0.0,D:\CrowdMonitor\deepVision_crowd_monitor\processed_data\part_A\train_data\density\IMG_293.npy,D:\CrowdMonitor\deepVision_crowd_monitor\processed_data\part_A\train_data\images_resized\IMG_293.jpg,0
part_A,train_data,IMG_294.jpg,1535,1024,0.0,D:\CrowdMonitor\deepVision_crowd_monitor\processed_data\part_A\train_data\density\IMG_294.npy,D:\CrowdMonitor\deepVision_crowd_monitor\processed_data\part_A\train_data\images_resized\IMG_294.jpg,0
part_A,train_data,IMG_295.jpg,1533,1024,0.0,D:\CrowdMonitor\deepVision_crowd_monitor\processed_data\part_A\train_data\density\IMG_295.npy,D:\CrowdMonitor\deepVision_crowd_monitor\processed_data\part_A\train_data\images_resized\IMG_295.jpg,0
part_A,train_data,IMG_296.jpg,1530,1024,0.0,D:\CrowdMonitor\deepVision_crowd_monitor\processed_data\part_A\train_data\density\IMG_296.npy,D:\CrowdMonitor\deepVision_crowd_monitor\processed_data\part_A\train_data\images_resized\IMG_296.jpg,0
part_A,train_data,IMG_297.jpg,1530,1024,0.0,D:\CrowdMonitor\deepVision_crowd_monitor\processed_data\part_A\train_data\density\IMG_297.npy,D:\CrowdMonitor\deepVision_crowd_monitor\processed_data\part_A\train_data\images_resized\IMG_297.jpg,0
part_A,train_data,IMG_298.jpg,1923,1024,0.0,D:\CrowdMonitor\deepVision_crowd_monitor\processed_data\part_A\train_data\density\IMG_298.npy,D:\CrowdMonitor\deepVision_crowd_monitor\processed_data\part_A\train_data\images_resized\IMG_298.jpg,0
part_A,train_data,IMG_299.jpg,1539,1024,0.0,D:\CrowdMonitor\deepVision_crowd_monitor\processed_data\part_A\train_data\density\IMG_299.npy,D:\CrowdMonitor\deepVision_crowd_monitor\processed_data\part_A\train_data\images_resized\IMG_299.jpg,0
part_A,train_data,IMG_3.jpg,1542,1024,0.0,D:\CrowdMonitor\deepVision_crowd_monitor\processed_data\part_A\train_data\density\IMG_3.npy,D:\CrowdMonitor\deepVision_crowd_monitor\processed_data\part_A\train_data\images_resized\IMG_3.jpg,0
part_A,train_data,IMG_30.jpg,1625,1024,0.0,D:\CrowdMonitor\deepVision_crowd_monitor\processed_data\part_A\train_data\density\IMG_30.npy,D:\CrowdMonitor\deepVision_crowd_monitor\processed_data\part_A\train_data\images_resized\IMG_30.jpg,0
part_A,train_data,IMG_300.jpg,1365,1024,0.0,D:\CrowdMonitor\deepVision_crowd_monitor\processed_data\part_A\train_data\density\IMG_300.npy,D:\CrowdMonitor\deepVision_crowd_monitor\processed_data\part_A\train_data\images_resized\IMG_300.jpg,0
part_A,train_data,IMG_31.jpg,1024,1365,0.0,D:\CrowdMonitor\deepVision_crowd_monitor\processed_data\part_A\train_data\density\IMG_31.npy,D:\CrowdMonitor\deepVision_crowd_monitor\processed_data\part_A\train_data\images_resized\IMG_31.jpg,0
part_A,train_data,IMG_32.jpg,1365,1024,0.0,D:\CrowdMonitor\deepVision_crowd_monitor\processed_data\part_A\train_data\density\IMG_32.npy,D:\CrowdMonitor\deepVision_crowd_monitor\processed_data\part_A\train_data\images_resized\IMG_32.jpg,0
part_A,train_data,IMG_33.jpg,1365,1024,0.0,D:\CrowdMonitor\deepVision_crowd_monitor\processed_data\part_A\train_data\density\IMG_33.npy,D:\CrowdMonitor\deepVision_crowd_monitor\processed_data\part_A\train_data\images_resized\IMG_33.jpg,0
part_A,train_data,IMG_34.jpg,1365,1024,0.0,D:\CrowdMonitor\deepVision_crowd_monitor\processed_data\part_A\train_data\density\IMG_34.npy,D:\CrowdMonitor\deepVision_crowd_monitor\processed_data\part_A\train_data\images_resized\IMG_34.jpg,0
part_A,train_data,IMG_35.jpg,1605,1024,0.0,D:\CrowdMonitor\deepVision_crowd_monitor\processed_data\part_A\train_data\density\IMG_35.npy,D:\CrowdMonitor\deepVision_crowd_monitor\processed_data\part_A\train_data\images_resized\IMG_35.jpg,0
part_A,train_data,IMG_36.jpg,1821,1024,0.0,D:\CrowdMonitor\deepVision_crowd_monitor\processed_data\part_A\train_data\density\IMG_36.npy,D:\CrowdMonitor\deepVision_crowd_monitor\processed_data\part_A\train_data\images_resized\IMG_36.jpg,0
part_A,train_data,IMG_37.jpg,1535,1024,0.0,D:\CrowdMonitor\deepVision_crowd_monitor\processed_data\part_A\train_data\density\IMG_37.npy,D:\CrowdMonitor\deepVision_crowd_monitor\processed_data\part_A\train_data\images_resized\IMG_37.jpg,0
part_A,train_data,IMG_38.jpg,1852,1024,0.0,D:\CrowdMonitor\deepVision_crowd_monitor\processed_data\part_A\train_data\density\IMG_38.npy,D:\CrowdMonitor\deepVision_crowd_monitor\processed_data\part_A\train_data\images_resized\IMG_38.jpg,0
part_A,train_data,IMG_39.jpg,1535,1024,0.0,D:\CrowdMonitor\deepVision_crowd_monitor\processed_data\part_A\train_data\density\IMG_39.npy,D:\CrowdMonitor\deepVision_crowd_monitor\processed_data\part_A\train_data\images_resized\IMG_39.jpg,0
part_A,train_data,IMG_4.jpg,1405,1024,0.0,D:\CrowdMonitor\deepVision_crowd_monitor\processed_data\part_A\train_data\density\IMG_4.npy,D:\CrowdMonitor\deepVision_crowd_monitor\processed_data\part_A\train_data\images_resized\IMG_4.jpg,0
part_A,train_data,IMG_40.jpg,1520,1024,0.0,D:\CrowdMonitor\deepVision_crowd_monitor\processed_data\part_A\train_data\density\IMG_40.npy,D:\CrowdMonitor\deepVision_crowd_monitor\processed_data\part_A\train_data\images_resized\IMG_40.jpg,0
part_A,train_data,IMG_41.jpg,1535,1024,0.0,D:\CrowdMonitor\deepVision_crowd_monitor\processed_data\part_A\train_data\density\IMG_41.npy,D:\CrowdMonitor\deepVision_crowd_monitor\processed_data\part_A\train_data\images_resized\IMG_41.jpg,0
part_A,train_data,IMG_42.jpg,1535,1024,0.0,D:\CrowdMonitor\deepVision_crowd_monitor\processed_data\part_A\train_data\density\IMG_42.npy,D:\CrowdMonitor\deepVision_crowd_monitor\processed_data\part_A\train_data\images_resized\IMG_42.jpg,0
part_A,train_data,IMG_43.jpg,1535,1024,0.0,D:\CrowdMonitor\deepVision_crowd_monitor\processed_data\part_A\train_data\density\IMG_43.npy,D:\CrowdMonitor\deepVision_crowd_monitor\processed_data\part_A\train_data\images_resized\IMG_43.jpg,0
part_A,train_data,IMG_44.jpg,1535,1024,0.0,D:\CrowdMonitor\deepVision_crowd_monitor\processed_data\part_A\train_data\density\IMG_44.npy,D:\CrowdMonitor\deepVision_crowd_monitor\processed_data\part_A\train_data\images_resized\IMG_44.jpg,0
part_A,train_data,IMG_45.jpg,1541,1024,0.0,D:\CrowdMonitor\deepVision_crowd_monitor\processed_data\part_A\train_data\density\IMG_45.npy,D:\CrowdMonitor\deepVision_crowd_monitor\processed_data\part_A\train_data\images_resized\IMG_45.jpg,0
part_A,train_data,IMG_46.jpg,1485,1024,0.0,D:\CrowdMonitor\deepVision_crowd_monitor\processed_data\part_A\train_data\density\IMG_46.npy,D:\CrowdMonitor\deepVision_crowd_monitor\processed_data\part_A\train_data\images_resized\IMG_46.jpg,0
part_A,train_data,IMG_47.jpg,1488,1024,0.0,D:\CrowdMonitor\deepVision_crowd_monitor\processed_data\part_A\train_data\density\IMG_47.npy,D:\CrowdMonitor\deepVision_crowd_monitor\processed_data\part_A\train_data\images_resized\IMG_47.jpg,0
part_A,train_data,IMG_48.jpg,1365,1024,0.0,D:\CrowdMonitor\deepVision_crowd_monitor\processed_data\part_A\train_data\density\IMG_48.npy,D:\CrowdMonitor\deepVision_crowd_monitor\processed_data\part_A\train_data\images_resized\IMG_48.jpg,0
part_A,train_data,IMG_49.jpg,1539,1024,0.0,D:\CrowdMonitor\deepVision_crowd_monitor\processed_data\part_A\train_data\density\IMG_49.npy,D:\CrowdMonitor\deepVision_crowd_monitor\processed_data\part_A\train_data\images_resized\IMG_49.jpg,0
part_A,train_data,IMG_5.jpg,1535,1024,0.0,D:\CrowdMonitor\deepVision_crowd_monitor\processed_data\part_A\train_data\density\IMG_5.npy,D:\CrowdMonitor\deepVision_crowd_monitor\processed_data\part_A\train_data\images_resized\IMG_5.jpg,0
part_A,train_data,IMG_50.jpg,1024,1024,0.0,D:\CrowdMonitor\deepVision_crowd_monitor\processed_data\part_A\train_data\density\IMG_50.npy,D:\CrowdMonitor\deepVision_crowd_monitor\processed_data\part_A\train_data\images_resized\IMG_50.jpg,0
part_A,train_data,IMG_51.jpg,1598,1024,0.0,D:\CrowdMonitor\deepVision_crowd_monitor\processed_data\part_A\train_data\density\IMG_51.npy,D:\CrowdMonitor\deepVision_crowd_monitor\processed_data\part_A\train_data\images_resized\IMG_51.jpg,0
part_A,train_data,IMG_52.jpg,1365,1024,0.0,D:\CrowdMonitor\deepVision_crowd_monitor\processed_data\part_A\train_data\density\IMG_52.npy,D:\CrowdMonitor\deepVision_crowd_monitor\processed_data\part_A\train_data\images_resized\IMG_52.jpg,0
part_A,train_data,IMG_53.jpg,1488,1024,0.0,D:\CrowdMonitor\deepVision_crowd_monitor\processed_data\part_A\train_data\density\IMG_53.npy,D:\CrowdMonitor\deepVision_crowd_monitor\processed_data\part_A\train_data\images_resized\IMG_53.jpg,0
part_A,train_data,IMG_54.jpg,1510,1024,0.0,D:\CrowdMonitor\deepVision_crowd_monitor\processed_data\part_A\train_data\density\IMG_54.npy,D:\CrowdMonitor\deepVision_crowd_monitor\processed_data\part_A\train_data\images_resized\IMG_54.jpg,0
part_A,train_data,IMG_55.jpg,1903,1024,0.0,D:\CrowdMonitor\deepVision_crowd_monitor\processed_data\part_A\train_data\density\IMG_55.npy,D:\CrowdMonitor\deepVision_crowd_monitor\processed_data\part_A\train_data\images_resized\IMG_55.jpg,0
part_A,train_data,IMG_56.jpg,1485,1024,0.0,D:\CrowdMonitor\deepVision_crowd_monitor\processed_data\part_A\train_data\density\IMG_56.npy,D:\CrowdMonitor\deepVision_crowd_monitor\processed_data\part_A\train_data\images_resized\IMG_56.jpg,0
part_A,train_data,IMG_57.jpg,1024,1024,0.0,D:\CrowdMonitor\deepVision_crowd_monitor\processed_data\part_A\train_data\density\IMG_57.npy,D:\CrowdMonitor\deepVision_crowd_monitor\processed_data\part_A\train_data\images_resized\IMG_57.jpg,0
part_A,train_data,IMG_58.jpg,1539,1024,0.0,D:\CrowdMonitor\deepVision_crowd_monitor\processed_data\part_A\train_data\density\IMG_58.npy,D:\CrowdMonitor\deepVision_crowd_monitor\processed_data\part_A\train_data\images_resized\IMG_58.jpg,0
part_A,train_data,IMG_59.jpg,1528,1024,0.0,D:\CrowdMonitor\deepVision_crowd_monitor\processed_data\part_A\train_data\density\IMG_59.npy,D:\CrowdMonitor\deepVision_crowd_monitor\processed_data\part_A\train_data\images_resized\IMG_59.jpg,0
part_A,train_data,IMG_6.jpg,1365,1024,0.0,D:\CrowdMonitor\deepVision_crowd_monitor\processed_data\part_A\train_data\density\IMG_6.npy,D:\CrowdMonitor\deepVision_crowd_monitor\processed_data\part_A\train_data\images_resized\IMG_6.jpg,0
part_A,train_data,IMG_60.jpg,1365,1024,0.0,D:\CrowdMonitor\deepVision_crowd_monitor\processed_data\part_A\train_data\density\IMG_60.npy,D:\CrowdMonitor\deepVision_crowd_monitor\processed_data\part_A\train_data\images_resized\IMG_60.jpg,0
part_A,train_data,IMG_61.jpg,1535,1024,0.0,D:\CrowdMonitor\deepVision_crowd_monitor\processed_data\part_A\train_data\density\IMG_61.npy,D:\CrowdMonitor\deepVision_crowd_monitor\processed_data\part_A\train_data\images_resized\IMG_61.jpg,0
part_A,train_data,IMG_62.jpg,1867,1024,0.0,D:\CrowdMonitor\deepVision_crowd_monitor\processed_data\part_A\train_data\density\IMG_62.npy,D:\CrowdMonitor\deepVision_crowd_monitor\processed_data\part_A\train_data\images_resized\IMG_62.jpg,0
part_A,train_data,IMG_63.jpg,1365,1024,0.0,D:\CrowdMonitor\deepVision_crowd_monitor\processed_data\part_A\train_data\density\IMG_63.npy,D:\CrowdMonitor\deepVision_crowd_monitor\processed_data\part_A\train_data\images_resized\IMG_63.jpg,0
part_A,train_data,IMG_64.jpg,1365,1024,0.0,D:\CrowdMonitor\deepVision_crowd_monitor\processed_data\part_A\train_data\density\IMG_64.npy,D:\CrowdMonitor\deepVision_crowd_monitor\processed_data\part_A\train_data\images_resized\IMG_64.jpg,0
part_A,train_data,IMG_65.jpg,1535,1024,0.0,D:\CrowdMonitor\deepVision_crowd_monitor\processed_data\part_A\train_data\density\IMG_65.npy,D:\CrowdMonitor\deepVision_crowd_monitor\processed_data\part_A\train_data\images_resized\IMG_65.jpg,0
part_A,train_data,IMG_66.jpg,1365,1024,0.0,D:\CrowdMonitor\deepVision_crowd_monitor\processed_data\part_A\train_data\density\IMG_66.npy,D:\CrowdMonitor\deepVision_crowd_monitor\processed_data\part_A\train_data\images_resized\IMG_66.jpg,0
part_A,train_data,IMG_67.jpg,1535,1024,0.0,D:\CrowdMonitor\deepVision_crowd_monitor\processed_data\part_A\train_data\density\IMG_67.npy,D:\CrowdMonitor\deepVision_crowd_monitor\processed_data\part_A\train_data\images_resized\IMG_67.jpg,0
part_A,train_data,IMG_68.jpg,1535,1024,0.0,D:\CrowdMonitor\deepVision_crowd_monitor\processed_data\part_A\train_data\density\IMG_68.npy,D:\CrowdMonitor\deepVision_crowd_monitor\processed_data\part_A\train_data\images_resized\IMG_68.jpg,0
part_A,train_data,IMG_69.jpg,1759,1024,0.0,D:\CrowdMonitor\deepVision_crowd_monitor\processed_data\part_A\train_data\density\IMG_69.npy,D:\CrowdMonitor\deepVision_crowd_monitor\processed_data\part_A\train_data\images_resized\IMG_69.jpg,0
part_A,train_data,IMG_7.jpg,1777,1024,0.0,D:\CrowdMonitor\deepVision_crowd_monitor\processed_data\part_A\train_data\density\IMG_7.npy,D:\CrowdMonitor\deepVision_crowd_monitor\processed_data\part_A\train_data\images_resized\IMG_7.jpg,0
part_A,train_data,IMG_70.jpg,1365,1024,0.0,D:\CrowdMonitor\deepVision_crowd_monitor\processed_data\part_A\train_data\density\IMG_70.npy,D:\CrowdMonitor\deepVision_crowd_monitor\processed_data\part_A\train_data\images_resized\IMG_70.jpg,0
part_A,train_data,IMG_71.jpg,1365,1024,0.0,D:\CrowdMonitor\deepVision_crowd_monitor\processed_data\part_A\train_data\density\IMG_71.npy,D:\CrowdMonitor\deepVision_crowd_monitor\processed_data\part_A\train_data\images_resized\IMG_71.jpg,0
part_A,train_data,IMG_72.jpg,1485,1024,0.0,D:\CrowdMonitor\deepVision_crowd_monitor\processed_data\part_A\train_data\density\IMG_72.npy,D:\CrowdMonitor\deepVision_crowd_monitor\processed_data\part_A\train_data\images_resized\IMG_72.jpg,0
part_A,train_data,IMG_73.jpg,1754,1024,0.0,D:\CrowdMonitor\deepVision_crowd_monitor\processed_data\part_A\train_data\density\IMG_73.npy,D:\CrowdMonitor\deepVision_crowd_monitor\processed_data\part_A\train_data\images_resized\IMG_73.jpg,0
part_A,train_data,IMG_74.jpg,1539,1024,0.0,D:\CrowdMonitor\deepVision_crowd_monitor\processed_data\part_A\train_data\density\IMG_74.npy,D:\CrowdMonitor\deepVision_crowd_monitor\processed_data\part_A\train_data\images_resized\IMG_74.jpg,0
part_A,train_data,IMG_75.jpg,1539,1024,0.0,D:\CrowdMonitor\deepVision_crowd_monitor\processed_data\part_A\train_data\density\IMG_75.npy,D:\CrowdMonitor\deepVision_crowd_monitor\processed_data\part_A\train_data\images_resized\IMG_75.jpg,0
part_A,train_data,IMG_76.jpg,1513,1024,0.0,D:\CrowdMonitor\deepVision_crowd_monitor\processed_data\part_A\train_data\density\IMG_76.npy,D:\CrowdMonitor\deepVision_crowd_monitor\processed_data\part_A\train_data\images_resized\IMG_76.jpg,0
part_A,train_data,IMG_77.jpg,1533,1024,0.0,D:\CrowdMonitor\deepVision_crowd_monitor\processed_data\part_A\train_data\density\IMG_77.npy,D:\CrowdMonitor\deepVision_crowd_monitor\processed_data\part_A\train_data\images_resized\IMG_77.jpg,0
part_A,train_data,IMG_78.jpg,1365,1024,0.0,D:\CrowdMonitor\deepVision_crowd_monitor\processed_data\part_A\train_data\density\IMG_78.npy,D:\CrowdMonitor\deepVision_crowd_monitor\processed_data\part_A\train_data\images_resized\IMG_78.jpg,0
part_A,train_data,IMG_79.jpg,1278,1024,0.0,D:\CrowdMonitor\deepVision_crowd_monitor\processed_data\part_A\train_data\density\IMG_79.npy,D:\CrowdMonitor\deepVision_crowd_monitor\processed_data\part_A\train_data\images_resized\IMG_79.jpg,0
part_A,train_data,IMG_8.jpg,1541,1024,0.0,D:\CrowdMonitor\deepVision_crowd_monitor\processed_data\part_A\train_data\density\IMG_8.npy,D:\CrowdMonitor\deepVision_crowd_monitor\processed_data\part_A\train_data\images_resized\IMG_8.jpg,0
part_A,train_data,IMG_80.jpg,1523,1024,0.0,D:\CrowdMonitor\deepVision_crowd_monitor\processed_data\part_A\train_data\density\IMG_80.npy,D:\CrowdMonitor\deepVision_crowd_monitor\processed_data\part_A\train_data\images_resized\IMG_80.jpg,0
part_A,train_data,IMG_81.jpg,1368,1024,0.0,D:\CrowdMonitor\deepVision_crowd_monitor\processed_data\part_A\train_data\density\IMG_81.npy,D:\CrowdMonitor\deepVision_crowd_monitor\processed_data\part_A\train_data\images_resized\IMG_81.jpg,0
part_A,train_data,IMG_82.jpg,1365,1024,0.0,D:\CrowdMonitor\deepVision_crowd_monitor\processed_data\part_A\train_data\density\IMG_82.npy,D:\CrowdMonitor\deepVision_crowd_monitor\processed_data\part_A\train_data\images_resized\IMG_82.jpg,0
part_A,train_data,IMG_83.jpg,1535,1024,0.0,D:\CrowdMonitor\deepVision_crowd_monitor\processed_data\part_A\train_data\density\IMG_83.npy,D:\CrowdMonitor\deepVision_crowd_monitor\processed_data\part_A\train_data\images_resized\IMG_83.jpg,0
part_A,train_data,IMG_84.jpg,2410,1024,0.0,D:\CrowdMonitor\deepVision_crowd_monitor\processed_data\part_A\train_data\density\IMG_84.npy,D:\CrowdMonitor\deepVision_crowd_monitor\processed_data\part_A\train_data\images_resized\IMG_84.jpg,0
part_A,train_data,IMG_85.jpg,1902,1024,0.0,D:\CrowdMonitor\deepVision_crowd_monitor\processed_data\part_A\train_data\density\IMG_85.npy,D:\CrowdMonitor\deepVision_crowd_monitor\processed_data\part_A\train_data\images_resized\IMG_85.jpg,0
part_A,train_data,IMG_86.jpg,1534,1024,0.0,D:\CrowdMonitor\deepVision_crowd_monitor\processed_data\part_A\train_data\density\IMG_86.npy,D:\CrowdMonitor\deepVision_crowd_monitor\processed_data\part_A\train_data\images_resized\IMG_86.jpg,0
part_A,train_data,IMG_87.jpg,1526,1024,0.0,D:\CrowdMonitor\deepVision_crowd_monitor\processed_data\part_A\train_data\density\IMG_87.npy,D:\CrowdMonitor\deepVision_crowd_monitor\processed_data\part_A\train_data\images_resized\IMG_87.jpg,0
part_A,train_data,IMG_88.jpg,3048,1024,0.0,D:\CrowdMonitor\deepVision_crowd_monitor\processed_data\part_A\train_data\density\IMG_88.npy,D:\CrowdMonitor\deepVision_crowd_monitor\processed_data\part_A\train_data\images_resized\IMG_88.jpg,0
part_A,train_data,IMG_89.jpg,1406,1024,0.0,D:\CrowdMonitor\deepVision_crowd_monitor\processed_data\part_A\train_data\density\IMG_89.npy,D:\CrowdMonitor\deepVision_crowd_monitor\processed_data\part_A\train_data\images_resized\IMG_89.jpg,0
part_A,train_data,IMG_9.jpg,1528,1024,0.0,D:\CrowdMonitor\deepVision_crowd_monitor\processed_data\part_A\train_data\density\IMG_9.npy,D:\CrowdMonitor\deepVision_crowd_monitor\processed_data\part_A\train_data\images_resized\IMG_9.jpg,0
part_A,train_data,IMG_90.jpg,1820,1024,0.0,D:\CrowdMonitor\deepVision_crowd_monitor\processed_data\part_A\train_data\density\IMG_90.npy,D:\CrowdMonitor\deepVision_crowd_monitor\processed_data\part_A\train_data\images_resized\IMG_90.jpg,0
part_A,train_data,IMG_91.jpg,1534,1024,0.0,D:\CrowdMonitor\deepVision_crowd_monitor\processed_data\part_A\train_data\density\IMG_91.npy,D:\CrowdMonitor\deepVision_crowd_monitor\processed_data\part_A\train_data\images_resized\IMG_91.jpg,0
part_A,train_data,IMG_92.jpg,1024,1260,0.0,D:\CrowdMonitor\deepVision_crowd_monitor\processed_data\part_A\train_data\density\IMG_92.npy,D:\CrowdMonitor\deepVision_crowd_monitor\processed_data\part_A\train_data\images_resized\IMG_92.jpg,0
part_A,train_data,IMG_93.jpg,1808,1024,0.0,D:\CrowdMonitor\deepVision_crowd_monitor\processed_data\part_A\train_data\density\IMG_93.npy,D:\CrowdMonitor\deepVision_crowd_monitor\processed_data\part_A\train_data\images_resized\IMG_93.jpg,0
part_A,train_data,IMG_94.jpg,2833,1024,0.0,D:\CrowdMonitor\deepVision_crowd_monitor\processed_data\part_A\train_data\density\IMG_94.npy,D:\CrowdMonitor\deepVision_crowd_monitor\processed_data\part_A\train_data\images_resized\IMG_94.jpg,0
part_A,train_data,IMG_95.jpg,1365,1024,0.0,D:\CrowdMonitor\deepVision_crowd_monitor\processed_data\part_A\train_data\density\IMG_95.npy,D:\CrowdMonitor\deepVision_crowd_monitor\processed_data\part_A\train_data\images_resized\IMG_95.jpg,0
part_A,train_data,IMG_96.jpg,1978,1024,0.0,D:\CrowdMonitor\deepVision_crowd_monitor\processed_data\part_A\train_data\density\IMG_96.npy,D:\CrowdMonitor\deepVision_crowd_monitor\processed_data\part_A\train_data\images_resized\IMG_96.jpg,0
part_A,train_data,IMG_97.jpg,1538,1024,0.0,D:\CrowdMonitor\deepVision_crowd_monitor\processed_data\part_A\train_data\density\IMG_97.npy,D:\CrowdMonitor\deepVision_crowd_monitor\processed_data\part_A\train_data\images_resized\IMG_97.jpg,0
part_A,train_data,IMG_98.jpg,2048,1024,0.0,D:\CrowdMonitor\deepVision_crowd_monitor\processed_data\part_A\train_data\density\IMG_98.npy,D:\CrowdMonitor\deepVision_crowd_monitor\processed_data\part_A\train_data\images_resized\IMG_98.jpg,0
part_A,train_data,IMG_99.jpg,1524,1024,0.0,D:\CrowdMonitor\deepVision_crowd_monitor\processed_data\part_A\train_data\density\IMG_99.npy,D:\CrowdMonitor\deepVision_crowd_monitor\processed_data\part_A\train_data\images_resized\IMG_99.jpg,0
